isic_id,target
ISIC_0015657,0.0002046773517217849
ISIC_0015729,2.1476887513873465e-05
ISIC_0015740,0.00017935013569696055
