isic_id,target
ISIC_0015657,0.2754220857102368
ISIC_0015729,0.2817454833487483
ISIC_0015740,0.3318825880401082
