isic_id,target
ISIC_0015657,0.0071712774
ISIC_0015729,0.00013053296
ISIC_0015740,0.0001438198
